id,text,label,dataset_id
072-7090,Nobodys addicted to marijuana ,1,72
072-9348,When Disney was looking to build Disney World they came to Miami and we told Disney to take a hike ,1,72
012-3547, Ferguson police chief says officer Darren Wilson didn t know MikeBrown was a robbery suspect ,1,12
012-2788,Charlie Hebdo killers tell police We are ready to die as martyrs ,1,12
072-4083,Says Gov Rick Perry has never held a private sector job ,1,72
012-1843, JesuisAhmed commemorates Muslim police officer Ahmed Merabet murdered in Charlie Hebdo attack ,0,12
072-3218,In Virginia there has been a billion dollars in surplus over the last three years The legislature has spent less than 1 percent of that on roads ,1,72
072-12040,Bill McCollum backed Jim Greers effort to hide financial irregularities ,1,72
012-4814,Police confirm several shootings in Ottawa PM safe downtown buildings in lockdown ,1,12
072-4789,Hillary Clinton has already said shes going to wipe out the Second Amendment She doesnt believe in the First Amendment And she also believes in big government which flies in the face of the 10th Amendment,1,72
072-2461,Says Rep Bruce Braley D Iowa missed 79 percent of veterans affairs committee hearings ,0,72
012-4274,Gurlitt s Museum Bequest Is Challenged ,0,12
072-11667,Orrin Hatch co sponsored a 1993 health care bill that had an individual mandate ,0,72
012-852,UPDATE Reports the Sydney Opera House has also been evacuated 9News,1,12
072-4662,In Oregon 12 808 people were arrested for marijuana related crimes in 2012 ,1,72
072-1683,Jorge Elorza wants to impose a municipal income tax ,1,72
072-7390,Says U S Rep Stephen Fincher breaks earmark pledge ,0,72
012-4808,Uniformed Canadian soldier shot at War Memorial in Ottawa ,0,12
072-12085,Elorza wants to teach our public school children about the non existence of God ,1,72
072-2333,500 000 people have signed up for Obamacare ,0,72
072-12657,State House incumbent Jill Chambers R Atlanta personally profits from taxpayer money ,1,72
072-914,Page 992 of the health care bill will establish school based health clinics Your children will be indoctrinated and your grandchildren may be aborted ,1,72
072-7059,We created as many jobs in the first six months of this year as we did in all of 2011 and 2011 was the best single year for private sector job growth since the year 2000 ,0,72
072-2734,Says Wisconsin Gov Scott Walker eliminated cancer screenings for uninsured women and offered no alternatives ,1,72
072-6305,The City of Milwaukee uses the building inspection area as a revenue base ,1,72
072-4624,Mitt Romney says the Arizona immigration law should be a model for the nation ,1,72
072-8138,Says Mark Zandi who wrote a report criticizing Donald Trumps economic proposals is one of Sen John McCains former economic advisers ,0,72
072-7188,Ganley said that if elected he wants to cut the dickens out of Social Security Medicare and Veterans benefits ,1,72
072-5363,U S Senate Majority Leader Harry Reid on whether Senate Democrats would seat Roland Burris ,1,72
012-773,Sydney airspace wasn t closed A second terror suspect wasn t arrested Myths around sydneysiege debunked ,1,12
072-7744,I sponsored and was the co sponsor of the only legislation that ever passed that had E Verify provisions in it back in 2010 when I served in the Legislature ,1,72
012-3602,If Mike Brown was engaged in a robbery before being shot why isn t his alleged accomplice under arrest Ferguson ,1,12
072-2041,It was allowed referring to her email practices ,1,72
072-11419,Says Terry McAuliffe opposes Virginias right to work law ,1,72
012-4260, NYT Art amp Design ArtsBeat Cousin of Cornelius Gurlitt Challenges Will That Leaves Collection to Swiss Museum ,0,12
072-7546,A clause hidden in the Obamacare bill which is now law gives Obama the right to form a private army ,1,72
072-2242,African American children are 500 percent more likely to die from asthma than white kids ,0,72
072-2507,Says TriMets own analysis shows that YouthPass does not actually add to the transit agencys costs ,0,72
072-552,Recently Florida has successfully reduced the environmental permitting time down to just two days ,1,72
072-10231,Milwaukees police chief can fire officers for basically no cause ,1,72
012-2170,The terrorist attack in Paris is beyond obscenity It is a violent assault on freedom of the media and freed of expression for all peoples ,0,12
072-11856,All four on Mount Rushmore they were all independents at one critical point in their career ,1,72
072-12288,In a lawsuit between private citizens a Florida judge announced the decision was going to be based on Islamic Law ,0,72
072-3918,Tarpon Springs takes its homeless to St Petersburg ,1,72
072-4725,Says Newt Gingrich has said that we should make the 11 million illegal workers that are in this country legal ,1,72
072-5342,Im beating Kelly Ayotte in the polls by a lot ,1,72
072-4840,Half of all personal bankruptcies in America are caused by medical bills ,0,72
072-5717,All members of Congress are required to be in Obamacare but Obama and members of his administration have their own gold plated health care plans that theyre in ,0,72
012-5099,UPDATE Reports of 1 more shooter being SHOT This is in addition to one shot and killed earlier in Parliament Hill ottnews OttawaShooting,1,12
012-312,A crazy world we live in A hostage crisis metres away amp peoples 1st thought is let s take a selfie sydneysiege ,0,12
072-6254, We spent approximately 20 billion of that money on pork barrel earmark projects Maybe if we had done it right maybe some of that money would have gone to inspect those bridges and other bridges across the country ,0,72
072-10559,Says Mitt Romney and Paul Ryan want to turn Medicare into a voucher system ,0,72
012-3804,Last known location of crashed Germanwings plane in French Alps ,0,12
072-3317,As Florida secretary of state Kurt Browning allowed 1 800 illegal voters to register in Florida ,1,72
072-10563,In her campaign for president Hillary Clinton has received 100 million in contributions from Wall Street and hedge funds ,1,72
072-5515,President Barack Obama said at the beginning of the negotiations that the basic approach was to dismantle Irans nuclear program in exchange for dismantling the sanctions ,1,72
012-4001,Heart goes out to 148 passengers and crew of Germanwings Airbus A320 that has crashed in French Alps Southern France ,1,12
072-10751,The health care reform bill is the largest tax increase in U S history ,1,72
012-4987,Police in pursuit of multiple shooters in Ottawa PM safe downtown buildings in lockdown ,1,12
072-8330,Says the D C citycouncilpasseda lawbanninglethalrat trapping ,1,72
072-126,Tell me what Madeleine Albrights position was on the War on Iraq I wouldnt be surprised if she supported it ,0,72
012-1086, sydneysiege At least four people believed to have been injured after multiple shots fired ,1,12
012-4324,The Kunstmuseum Bern has officially accepted the Gurlitt art trove More on News shortly ,0,12
072-5208,Wisconsins rainy day fund is 165 times bigger than when we first took office ,0,72
072-9197,Says Jeb Bush oversaw an average in state tuition increase of 48 2 percent during his tenure ,0,72
072-11608,Says Gov Chris Christie cut spending by 1 billion and provided 850 million in new education funding ,0,72
072-2283,One of the key things about Leonard Lance is that in 2008 when you look at the Project Vote Smart website he was not for guns Now he has gone too far to the right saying that you can carry concealed weapons in national parks ,0,72
072-3234,Says Barack Obama began his presidency with an apology tour ,1,72
012-4020,Germanwings plane crashes in France up to 150 feared dead ,0,12
072-10163,Says President AbrahamLincoln tried to arm the slaves ,1,72
072-9513,Says 6 percent more Republicans across the state voted than Democrats ,0,72
072-999,Says Gov Scott Walker made draconian cuts to public safety budgets that put police officers at greater risk of harm ,1,72
072-9957, We were promised The president said we would keep unemployment under 8 5 percent if the stimulus passed ,0,72
072-2976,We have had some significant accomplishments on a bipartisan basis ,0,72
072-2311,On same sex marriage ,1,72
072-9231,Says Scott Walker tried to pass a law to allow pharmacists to block womens access to birth control ,0,72
072-3842,Claims Supreme Court Justice Ruth Bader Ginsburg said she prefers the South African Constitution over the United States Constitution ,1,72
012-1306,Yes tweet actual covers instead of the mere JeSuisCharlie They are after all what the bullies can t handle ,0,12
072-4532,An amazing 5 400 jobs were lost in the first 12 months of the smoking bans implementation in Ohios hospitality industry alone ,1,72
072-4870,Says the media created the term polar vortex and the cold air proves the ice isnt melting ,1,72
012-2691,Police Four of France s most celebrated cartoonists killed Charb Cabu Wolinski amp Tignous CharlieHebdo,1,12
072-9401,Barack Obama wants to restore the estate tax that George W Bush repealed ,1,72
072-7182,Says President Barack Obama has put up a stop sign against oil drilling against any kind of exploration offshore or in Alaska ,1,72
012-2103,Among the names of the dead are Ahmed and Mustapha both are also names of the Prophet Muhammad CharlieHebdo ,0,12
072-806,Says Canada has one tenth of our populationyet it issues far more high skilled visas more than 150 000 yearly than we do 65 000 ,0,72
072-8578,We have been confronted with an unexpected storm that has hit the metropolitan area ,0,72
072-4900,Of every three dollars in food stamps for the needy seven dollars in salaries and pensions go to the bureaucrats who are supposed to be taking care of the poor ,1,72
072-2007,In 2007 when Nancy Pelosi met with President Assad of Syria nobody got upset ,1,72
072-4882,Barack Obama s health care plan would leave 15 million Americans out ,0,72
072-11154,Ultimately after an exhaustive investigation the National Transportation Safety Board concluded that a Minneapolis bridge collapsed in 2007 because of an original design flaw dating back to the 1960s ,0,72
072-10244,On campaign donations from Texas Capitol lobbyists ,0,72
012-3717,Not yet clear if any UK nationals in Germanwings crash thoughts with relatives Downing Street says ,0,12
072-10404,Mental health provisions related to mass shootings got over 90 votes in the Senate ,0,72
012-3516, Ferguson Police Chief The initial contact between DarrenWilson and MikeBrown was NOT related to the alleged theft of cigars ,1,12
012-2678,DEVELOPING 2 reported dead in second hostage situation at Paris grocery store ,1,12
072-5666,McCain s energy plan is a single answer proposition new domestic oil drilling ,1,72
072-1245,Says Democratic Party created Planned Parenthood,1,72
072-6339,Ted Cruz is unknown to the vast majority of Texans ,0,72
012-2931,Please note Twitter had the Ferguson story BEFORE ALL national news outlets But keep telling me how Twitter doesn t matter ,0,12
072-1745,John Mica voted to borrow 10 trillion ,0,72
072-6636,Shows in a television ad that police took evidence fromSolantic Rick Scotts new health care company after allegations emerged that the company was engaging in fraud ,1,72
072-12784,Like me Scott Walker opposed the 1998 transportation bill and the 9 billion of wasteful spending ,1,72
072-2731,Says that if Texas California and New York all voted for Democratic presidential nominees it would be mathematically impossible for Republicans to elect a president ,1,72
072-367,There was serious voter fraud in California ,1,72
072-11987,Says Ohio Rep Marcy Kaptur actually lives in a fancy condo in the Washington D C suburbs ,1,72
012-1436, Iran ian regime has been initiated nourished the idea of killing fatwa starting with Salman Rushdie JeSuisCharlie ,0,12
072-3377,Portland Community College serves more students than all of the states universities combined ,1,72
072-7691,Supported in state tuition in Arkansas for illegal immigrants if you d sat in our schools from the time you re 5 or 6 years old and you had become an A plus student among other things ,0,72
072-7413, The Books Sarah Palin tried to have banned ,1,72
072-5267,Rhode Island 3 bigger at low tide ,1,72
072-1193,Beyonce and Jay Z I like them I like them I get bigger crowds than they do Its true I get far bigger crowds ,1,72
072-2275,Says hes signed a pledge not to raise taxes four times ,0,72
012-1404,Police officers amp staff across Norfolk observe a 2 minute silence PoliceTributeToParis JeSuisCharlie ,0,12
012-2056,This is how France s top sports newspaper covered the CharlieHebdo killings ,0,12
072-11962,John Kasich says he won despite 12 visits by a president somewhere between 45 million and 50 million spent against him 500 paid volunteers in here calling me every name in the book former presidents first ladies and God knows who else ,0,72
012-488,and then came illridewithyou people offering to accompany those who fear for their safety on public transport hope sydneysiege,0,12
072-9901,Unemployment numbers are artificial numbers These are numbers that are massaged to make the existing economy look good to make this administration look good when in fact its a total disaster ,1,72
012-2488,Update AFP reports at least two people killed after shooting at kosher grocery in eastern Paris in which at least five were taken hostage,1,12
012-3677,PHOTO Arrivals board in Dusseldorf Airport shows information for Germanwings plane that crashed in French Alps ,0,12
072-11944,In the last 10 years Georgias middle class income has dropped 6 500 ,0,72
072-1012,In eighth grade math weve fallen to ninth place ,1,72
072-11264,There was a 57 percent decrease in fireworks related injuries in 2000 after Connecticut legalized sparklers compared to the 14 years prior ,1,72
072-50,Obama for President and Baldwin for Senate have kept their campaign offices up and running in Fox Valley Eau Claire and La Crosse with their staffs preparing for the next battle ,1,72
072-12521,The amount of money that we put into running our own state legislature is nearly as much as we put into the University of Rhode Island ,1,72
072-1977,Last week the Blue Chip Economic Indicators came out that surveys lots of private forecasters Almost all of them are predicting a turnaround in the third quarter and positive growth in the fourth quarter ,0,72
072-10972,A study ranked Florida No 1 in government corruption under Gov Rick Scott ,1,72
072-1989,Some businesses in Oregon are having to shrink back their businesses as a result of the law ,0,72
012-2014,Tina Fey We cannot back down on free speech in any way CharlieHebdo,0,12
072-4511,Says Ron Wyden spent 2 million to study exotic ants ,1,72
072-515,On birthright citizenship for illegal immigrants ,1,72
012-2598, UPDATE Car chase hostage drama as Paris massacre suspects cornered ,1,12
012-874,An ISIS lonewolf has taken around 30 people hostage in a Sydney and demanded to talk to the PM according to Australian media reports ,1,12
072-2053,Says the Texas Education Agency follows up to make sure undocumented immigrants paying in state tuition at Texas colleges are applying for permanent residency ,1,72
072-5783,Federal law requires that hospitals treat people whether or not they can pay So someone who doesnt have health insurance they can go to the hospital and get free care ,0,72
072-8158,In order to pass the CRCT in Georgia you simply have to get half of the answers correct ,0,72
072-11431,The Clinton camp was the first to get it out there and try to say there was something untoward about the speech that Melania Trump gave ,1,72
072-12278,Were trailing every other state in the Midwest in terms of job creation since January of 2011 ,0,72
012-3153,Police of Ferguson murdered a boy in cold blood Now they re spinning the story amp intimidating the community into silence ,0,12
072-3359,No candidate has run more negative ads in American history than Barack Obama did in 2008 especially in the general ,0,72
012-4484,We are continually assessing monitoring situation to ensure we can do our jobs in keeping Canadians safe Ottawashooting,0,12
072-4231,Says Texas is the only state that exempts jet fuel from its state motor fuels tax ,1,72
072-2437,Georgia spends fewer tourism advertising dollars than any other state in the South ,0,72
072-4383,The federal government may put 16 500 IRS agents in charge of policing President Obamas health care bill ,0,72
072-5734,Says that in Texas Republican nominees get 40 percent of the Latino vote on average ,0,72
072-2305,When his grandfather arrived in the United States there were no government benefits for immigrants ,1,72
072-4415,Louisiana is turning down 100 million that would require us to change our unemployment law that would have actually raised taxes on Louisiana businesses ,0,72
012-24, Putindead Njet Just got bored with Kremlintowers so busy moving to Zutphen Dutch City of many amazing Towers vvv ,0,12
012-5112, Incidents occurred at National War Memorial near the Rideau Centre and Parliament Hill Live blog ,1,12
072-3083,President Obama has the most border patrols and border security deployed at the border of any previous president ,0,72
072-4251,California Senator Democratic Senator Dianne Feinstein said if she could say to Mr America and Mrs America Give me your guns Im rounding em up she would ,1,72
072-12689,On in state tuition for unauthorized immigrants ,0,72
072-12215,Says McCain was a Hanoi Hilton songbird who collaborated with the enemy ,1,72
072-9867,If I have affordable coverage in my workplace Im not eligible to go into the marketplace Its illegal ,1,72
072-12372,Says Charlie Crist implemented Jeb Bushs A Plan ,0,72
072-12575,On his support for sharply limiting collective bargaining by public employees ,0,72
072-9227,Our unemployment rate is now lower than it was before the financial crisis ,0,72
072-338,Ballistic tests have confirmed that the death of at least one U S Border Patrol agent was caused by weapons that were part of a federal arms trafficking operation ,1,72
072-2376,Says Apple products are currently 90 percent conflict free and Intel is 100 percent conflict free ,0,72
012-1315, CharlieHebdo attack shows a complete change in terrorist methods French FM tells me ,0,12
072-2710,On drilling off the Atlantic coast,1,72
072-6361,Small businesses that have 250 000 in gross sales for the business Theyre the ones that are looking at massive tax increases ,1,72
072-8535,Say Ohio Reps Marcia Fudge Marcy Kaptur and Dennis Kucinich are socialists who are openly serving in the U S Congress ,1,72
072-9514,Blocking travel from countries with Ebola should be possible because President Barack Obama has sealed off Israel in the past ,0,72
072-3713, John McCain voted against funding the troops because of a timeline in it to draw down American troops ,0,72
072-9100,Says U S Rep Tammy Baldwin is backing President Barack Obamas plan to pass a 1 5 trillion tax increase ,1,72
012-3124,Community organizations on site in Ferguson ,0,12
072-762,Says that in 2009 ExxonMobil paid no federal income taxes received a 156 million rebate ,1,72
072-5880,Expanding Medicaid will worsen health care options for the most vulnerable among us in Texas ,1,72
072-3084,Says as GOP was picking a convention city I recommended Ohio ,1,72
072-3148,On releasing photographs depicting the abuse of prisoners ,1,72
072-3190,Our national debt is as low as it has been since World War II ,1,72
072-4354,Right now the Tea Party polls higher than the Republicans and the Democrats ,1,72
012-5080,RIP Cpl Nathan Cirillo Canada will always remember you OttawaShooting ,0,12
072-11664,Birth control pioneer Margaret Sanger wasan active participant in the Ku Klux Klan ,1,72
072-6502,Virginia spends 400 000 on abstinence programs while losing 2 5 million in federal funds due to Gov Bob McDonnells political agenda ,0,72
072-3812,Because of President Barack Obamas failure to push job creation the black unemployment rate in Ferguson Mo is three times higher than the white unemployment rate ,1,72
072-11240,Most of your serial killers most of your people who commit domestic violence they start off by abusing animals ,1,72
072-5791,Says Barack Obama said black males are two times more likely to be shot by a law enforcement officer than white males and that is a lie because there is no data ,0,72
072-10777,Says under his leadership Wisconsin median household income is up 2 7 while it is down 1 3 nationally under President Obama ,0,72
072-4309,Sen Jack Reed cast the deciding vote in the Senate for the Affordable Care Act ,0,72
072-9086,Rep Jim Renaccis plan to end Medicare also puts nursing home care for 3 000 seniors in the district in immediate jeopardy ,0,72
012-2492,Scene at DammartinEnGoele as police hunt CharlieHebdo suspects follow our coverage ,0,12
012-2487,The last person killed in Charlie Hebdo attacks was Muslim police officer ,1,12
072-10737,The United States is not modernizing its nuclear weapons ,1,72
072-2983, I know that Hillary on occasion has said just last year said this NAFTA was a boon to the economy ,1,72
072-3242,Food stamps have gone up two and a half times under Barack Obama ,1,72
012-789,POLICE MOVE IN Police confirm live ammunition used in Martin Place sydneysiege,0,12
012-990,BREAKING Sixth hostage escapes from sydneysiege ,1,12
072-9464,Says Donald Trump wants to get rid of the federal minimum wage ,0,72
072-9568,Big soda has a lot of money They make a lot of profit off their product and they market in neighborhoods that suffer from these very things that were trying to cure ,0,72
072-10116,Says Ron Johnson voted five times for tax breaks that help companies ship Wisconsin jobs overseas ,1,72
072-6430,Virginia state employees pay nothing toward their pensions ,1,72
012-2060,That Charlie Hebdo s journalists are determined to bring out the next issue on time is rare courage reminiscent of Cantor Fitzergald,0,12
072-10370,PolitiFact Oregon gave Rob Cornilles a Pants on Fire for a claim about taxes and fees ,1,72
072-10829,Three years after getting the 100 million from Mark Zuckerberg less than two thirds of students in Cory Bookers Newark graduate ,0,72
012-1047,Major landmarks in Sydney evacuated as police respond to hostage situation at caf in city s Martin Place ,0,12
012-4745,CTV has received confirmation from Ottawa Police that there have been three different shooting incidents ottnews ottawashooting,1,12
072-9440,Says Mitch McConnell pushed the Wall Street bailout through the U S Senate and called it the Senate at its finest ,0,72
072-3584,The Mack Penny Plan for the federal budget would balance our budget by 2019 and continues to gain support ,0,72
072-8839,We are living with a legacy of deficit spending that began almost a decade ago ,0,72
072-1188,Under Gov Bob McDonnell more jobs have been lost than created in Southside and Southwest Virginia ,1,72
072-3814,A sign in Dearborn Mich for the Advancement of Islamic Agenda for America says Allah be praised America we will kill you all and nothing you can do to stop it ,1,72
072-3781,Secretary Geithner has left the option on the table of abandoning the dollar for a multinational currency ,1,72
072-4425,Every time you buy an airline ticket the federal government runs a background check on you ,0,72
072-10791,Says Pete Gallego went and lobbied after you fired him from Congress ,1,72
072-11175,Neighbors of the San Bernardino shooters knew that they were talking about trying to take our country and attack it ,1,72
072-4337,Weve broken by millions the all time record for votes in a GOP presidential primary election ,1,72
012-1181, Staff observe minute of silence at AFP headquarters for the victims of CharlieHebdo JeSuisCharlie ,0,12
072-3125,Newt Gingrich says electric co ops and credit unions are government sponsored enterprises like Freddie Mac ,1,72
072-1762,Says Miami Congressman Carlos Curbelo supports drilling offshore and repeatedly voted against President Obamas ability to fight pollution and combat climate change ,0,72
072-854, Obama s Ten Point Plan to Change the Second AmendmentBan use of firearms for home defense ,1,72
072-5754,When the Constitution was written only 20 to 25 percent of the people in the country could vote ,0,72
072-7455,State support for local schools per pupil has decreased by at least 25 percent over the past decade ,0,72
012-3519,In 2009 Ferguson police beat a man and charged him for bleeding on them ,1,12
072-7452,57 of the jobs created in Austin from 2009 to 2013 do not pay families a living wage ,0,72
072-9503,U S military uniforms are manufactured in China ,1,72
072-11100,Sarah Palin got more votes running for mayor of Wasilla Alaska than Joe Biden got running for president of the United States ,1,72
072-10080,Says new GOP Wisconsin Assembly members voted to take funding away from their public schools in their districts to give it to private Milwaukee voucher schools ,1,72
012-2455,New vid of Paris attack on CharlieHebdo filmed by a witness Gunmen on street shout Allahu Akbar ,1,12
072-2630,The Social Security disability fund is going belly up in 2016 ,0,72
072-6772,Rhode Islands legislature is the strongest in the country ,0,72
012-780,DEVELOPING Airspace shutdown over Sydney amid chocolate shop hostage situation Islamic flag shown in shop s window ,1,12
072-5667,Before this federal health care law was enacted Florida parents were able to purchase inexpensive child only coverage for their children The laws consumer protections have now eliminated that choice in Florida ,1,72
072-6015,Before this day is out 18 more veterans will have taken their own lives That is the daily average it is intolerable and it has to stop ,0,72
072-6182,SaysRuben Kihuen only managed in the minority to get one bill passed out of the eight to 10 he introduced during the 2015 legislative session ,0,72
072-11179,Heroin and prescription opioids are the number one cause of accidental or preventable death in Wisconsin ,1,72
072-12483,In this judicial race special interest groups have demanded money from me in exchange for endorsement and support ,1,72
012-543,The sydneysiege has entered its 12th hour Thoughts to the hostages and their loved ones ,0,12
012-2611,BREAKING Police official confirms that 12 have died in the attack on the CharlieHebdo headquarters ,0,12
072-8005,Says approximately 70 percent of jobs created in the United States in November 2007 2008 were in Texas ,1,72
072-10519,20 million people could lose their current coverage including our senior citizens who are on Medicare ,1,72
072-3924,The United States sends 300 billion half our trade deficit overseas for oil to unstable and unfriendly regimes ,0,72
072-2646,Says Donald Trump and Ron Johnson oppose a womans right to choose and Johnson voted against the Violence Against Women Act ,0,72
072-9536,Many uninsured Americans are young ,0,72
012-3558,Every incident report I ve seen says the suspect was X the suspect did Y On the Ferguson report MikeBrown is ALREADY NAMED HOW ,1,12
072-75,We spend more money on antacids than we do on politics ,1,72
012-3049,Awful RT Ferguson Police have dogs and shotguns The unarmed crowd is raising their hands ,0,12
072-9490,We Trump University have an A from the Better Business Bureau ,1,72
072-3063,Nobody is leaving Memphis Thats a myth ,1,72
072-5307,One of the Planned Parenthood videos shows a fully formed fetus on the table its heart beating its legs kicking while someone says We have to keep it alive to harvest its brain ,0,72
012-3835,Germanwings crash The accident happened in a zone that is particularly hard to access ,0,12
072-1042,The authors of a report on CIAs torture techniques never interviewed a single CIA official ,0,72
072-7653,Marijuana is less addictive than both alcohol and tobacco ,0,72
072-2524,Says Stefani Carter repeatedly used her campaign contributors donations to rent margarita machines for our state house office ,0,72
012-834,We understand there are two gunmen and up to a dozen hostages inside the cafe under siege at Sydney ISIS flags remain on display 7News,1,12
072-1576,Starting in December 2007 1 4 million jobs were created in Texas In that same period the rest of the country lost 400 000 jobs ,0,72
072-6862,This year the overwhelming majority of new jobs are part time ,0,72
072-10612,Americans are working longer hours for low wages and yet almost all new income and wealth is going to the top 1 percent ,0,72
072-9951,The presence of gorillas calls into question the concept of evolution ,1,72
072-10882,TheAffordable Care Actalters the sensible doctor patient relationship centered health care program we see today ,1,72
072-3947,Says Rob Portman even voted to allow people on the terrorism watch list to buy guns ,1,72
072-6476,Q What do these Patriotic Americans have in common A They are all Draft Dodgers ,1,72
072-958,When Social Security first started there was 16 workers for every retiree Today there are three workers for every retiree and soon there will be only two for every retiree ,0,72
072-8528,Says 11 states have more people on welfare than employed ,1,72
072-832,Says Studies show the average age of entry into prostitution is 12 to 14 years old ,0,72
072-3679,Currently there is no one from South Austin on the Austin City Council ,0,72
012-774,This is The Islamic State flag not the one in the window in Sydney ,1,12
072-1471,The Social Security trust fund is sound Without anything being done it would function well into 2038 and even after that time with no changes we could pay 80 percent of the benefits that people have earned ,0,72
072-11067,Says Obama opposes lower gas taxes nuclear power new offshore drilling and doesn t have new solutions to the energy crisis ,0,72
012-2299,Prince Harry signs the book of condolence at the French Embassy in London CharlieHebdo via ,0,12
072-6534,We have seized more currency more drugs more outbound arms in the past year than any year in our countrys history ,0,72
072-3738,Our real unemployment is anywhere from 18 to 20 percent Dont believe the 5 6 Dont believe it ,1,72
072-5617,More people were killed in the United States last year by tainted food than U S troops killed in Iraq and Afghanistan since the wars began ,1,72
072-5582,Says that Sherrod Brown voted to cut Medicare by over 500 billion in order to fund government run health care ,1,72
072-6822,Obamacare doesnt require members of Congress to abide by the same rules that all of the other Americans do ,1,72
072-6320,In the past three years state legislatures have enacted more of these restrictions on abortion than in the previous 10 years combined ,0,72
072-10449,The gun industry isthe only business in America that is wholly protected from any kind of liability ,1,72
072-2198,Says that Josh Mandel voted to let insurance companies deny coverage for autism,0,72
072-9441,Congressman Scott DesJarlais is spending his one year anniversary on vacation only working 6 days in all of January ,1,72
072-12470,Robert Hurt supported a bill that helped the uranium industry after taking contributions from the industry and because his father had a stake in it ,0,72
012-2705,JUST IN Police confirm to there is a second hostage situation underway in eastern Paris,1,12
072-5930,Illegal aliens are costing Georgia taxpayers over a billion dollars every year ,0,72
072-2523,On tax inversions the Wall Street Journalsurprisingly attacked this tax scheme ,1,72
072-4754,Says President Barack Obama delivered 2 billion to Brazil to help with offshore drilling projects ,1,72
072-6686,As usual Hillary the Dems are trying to rig the debates so 2 are up against major NFL games ,1,72
072-7489,Statistics show 2 to 3 Texas women per week have major complications and 10 women per week seek help at an ER after an abortion ,1,72
072-7408,U S Rep John Barrows plan puts the IRS in charge of your health care ,0,72
072-4793,Voter fraud provided a portion of the margin of victory of Democrat John Lehman over Republican Sen Van Wanggaard in a state Senate recall election ,1,72
012-4887, HamOnt reservist Nathan Cirillo was on duty in Ottawa today when he was fatally shot ,0,12
072-4097,The American people spoke pretty loudly They said stop all the looming tax hikes ,1,72
012-722,Horrifying situation siege at Sydney s Martin place Lindt cafe Reports of up to 20 people held hostage inside ,1,12
072-12005,More Americans have died from guns in the United States since 1968 than on battlefields of all the wars in American history ,0,72
072-10515,Undocumented immigrants pay 12 billion of taxes every single year ,0,72
072-1179,The U S Army had a training program that put evangelical Christians Catholics and Mormons in the same category of religious extremism as we do al Qaida ,0,72
072-10923, We must deal with the here and now and assure affordable fuel for America by increasing domestic production ,1,72
072-1741,Sens Isaksons Chambliss Votes Against Unemployment Insurance Were Votes to Kill Nearly 6 000 Georgia Jobs ,0,72
072-5498,A new federal program provides subsidized Obama phones with 70 free minutes of cell phone service every month ,0,72
072-2650,Sen Hutchison abandoned Republicans and stood with Democrats to ensure health care legislation would pass quickly ,1,72
072-10447,Frankly Hillary Clinton doesnt do very well with women ,1,72
012-3328,Stand down of riot cops in Ferguson sends a powerful message de militarize police departments across America NOW HandsUpDontShoot,0,12
072-3459,The Islamic State is so small it couldnt fill a DoubleAballpark in Charleston W Va ,1,72
072-12177,In Japan executives of failing companies say I m sorry and then either do one of two things resign or go commit suicide ,0,72
012-3552,Maybe hard hitting should be covering what s going on in Ferguson Mo instead of fat shaming the First Lady ,1,12
012-245,If there s a Sydney style attack in the U S all these anti cop protests will end in about two seconds ,0,12
072-9136,While Rob Portman relies on his super PAC and a handful of billionaires to do his dirty work we dont have a super PAC and quite frankly we dont want one that spends millions to spew out lies and distortions ,0,72
072-6097, Without representation the IRS can increase taxes ,1,72
072-2306,Says rejecting federal aid to expand Medicaid in Texas will send 9 billion in federal taxes paid by Texans to other states to insure their working poor ,1,72
072-5315,He has ushered in 3 billion in new investment ,1,72
072-8507,On responding to chemical weapon use in Syria,0,72
072-5976,Nine hundred people have been fired since I became secretary of Veterans Affairs Weve got 60 people that we fired who have manipulated wait times ,1,72
072-2533,These 60 acres the Atlanta Braves want to build a stadium on have produced zero SPLOST money for parks and recreation have produced zero money for education ,0,72
012-5032,Ottawa police Actively looking for one or more suspects in Canadian parliament shooting ,1,12
072-4685,The vast majority of Syrian refugees are young able bodied men looking for work ,1,72
072-12592,Stimulus tax cuts began showing up in paychecks of 4 8 million Indiana households about three months ago ,1,72
012-460,MASSIVE OPERATION Hundreds of armed police have swarmed the area sydneysiege LIVE ,0,12
072-10486,A few months into office President Barack Obama traveled around the globe to apologize for America ,1,72
012-3650,PHOTO The area where 4U9525 crashed Prads Haute Bleone ,0,12
012-2496,BREAKING French Interior minister Suspects in Paris terror attack believed to be holding at least 1 hostage near Dammartin en Goele ,1,12
072-9168,None of the polls being conducted right now have us on the top line None of them Its always Trump and Clinton and then second question third question If we were included in the top line as Johnson Trump Clinton wed be at 20 percent ,1,72
072-65,Says that when Democrats controlled Congress and the White House federal spending as a share of the Gross Domestic Product leapt from 18 2 percent in 2001 to 25 2 percent in 2009 the largest such increase in any eight year period since World War II ,0,72
072-4920,Weve rebuilt China ,0,72
072-8678,Every time the price of gasoline rises 1 cent its abillion dollarsout of our economy that goes to Saudi Arabia ,1,72
072-1092,We have never gone a year in Virginia ever without passing a budget ever ,1,72
072-4519,Donald Trump and Hillary Clinton and Bernie Sanders have the identical position on health care which is they want to put the government in charge of you and your doctor ,1,72
072-3287,Hitler abolished unions and thats what Wisconsin Gov Scott Walker is doing today ,1,72
072-1817,Carol Shea Porter wants to increase taxes on small business and job creators ,1,72
012-4010,The copilot of the Germanwings plans Andreas Guenter Lubitz appeared to want to destroy the plane French prosecutor says ,0,12
072-4286,Says Hillary Clinton voted to raise taxes on workers earning as little as 41 500 ,0,72
072-7071,Says Republican state Sen Alberta Darling offered unqualified support for a plan to end Medicare,0,72
072-7186,Says Hillary Clinton has been a champion of globalist trade agreements Worst of all they are now pushing the disastrous 5 000 page Obamatrade the Trans Pacific Partnership agreement ,0,72
072-4152,Barack Obama s church gave a lifetime achievement award to Louis Farrakhan ,0,72
072-8765,State legislators quietly shifted 2 billion from education to road building in 2013 ,1,72
072-2046,Recent solar energy policies in Georgia have resulted in rate hikes and did not result in solar becoming any more economically viable ,1,72
072-7451,The State of Texas does not even use the E Verify system to determine if someone is legally in our country when they apply for a job ,0,72
072-9162,Says New Jersey has the highest unemployment rate in the region and stagnant job growth ,0,72
072-573, In Florida alone more than 3 5 billion a year is spent on health care and criminal justice for illegal immigrants ,1,72
012-2250,Newsrooms around the world show their support for CharlieHebdo jesuischarlie ,0,12
072-8915,Says neither President Barack Obama nor Mexico President Felipe Calderon have been on the border to see whats happening to the citizens of Mexico and for that matter the citizens of Texas ,0,72
072-4138, Whether in Illinois or Washington Barack Obama has bridged partisanship to bring about significant reform ,0,72
072-7468,Senator Chris Dodd chairman of the Senate Banking Committee placed an amendment in the stimulus bill that allowed for banks bailed out with taxpayer money including AIG to hand out huge bonuses ,0,72
072-12110,Federal state and local governments have subsidized the production of the Volt to the tune of estimates between 50 000 and 250 000 per vehicle sold ,0,72
072-692,College students who are NOT U S Citizens and who get the PELL Grant plan to return to their home countries after getting free gas cards and child care ,1,72
072-1091,In his first meeting with University of Wisconsin System officials Republican Governor elect Scott Walker told them to prepare for cuts ,1,72
012-854,The sydneysiege hostage taker has been named as Sheikh Man Monis ,0,12
072-1546,Local law enforcement will have access to the Obamacare Data Hubs treasure trove of personal info ,1,72
012-280,You gotta admire the ability of Daily Tele editors to resist fads like fact checking sydneysiege,0,12
072-8398,Says under the Senate immigration bill newly legalized immigrants will pay every tax possible but you dont get a single benefit for 10 years ,0,72
072-2203,Wisconsin is one of the bluest states but under Scott Walker its unemployment rate is around 3 5 ,1,72
072-12079,All of Texas is conservative except a little bit of Austin ,1,72
072-12718,The president promised to close the space gap but he now seems intent on repeating the events that created the space gap in the first place putting in place a new rocket design and then trying to underfund the effort ,0,72
012-359,In times of crisis we must remind ourselves that we are all part of TeamHumanity sydneysiege,0,12
072-8934,For people in the top 1 percent for income your effective tax burden is in the low 20s the lowest its been in decades and decades and decades lower than somebody who might make substantially less money ,0,72
072-6150, In just one month the Democrats have spent more than President Bush spent in seven years on the war in Iraq the war in Afghanistan and Hurricane Katrina combined ,1,72
072-6005,Says that as Providences mayor David Cicilline said the city had a world class school system Not only did Providence not have a world class school system but as measured was amongst the last school system in the entire country ,1,72
072-5050,We could cut unemployment in half simply by reclaiming the jobs taken by illegal workers ,1,72
072-11957,In the 2012 election there were more votes cast than registered voters in St Lucie County and Palm Beach County had 141 percent turnout ,1,72
012-2557,Reports CharlieHebdo gunmen were asking for journalists by name before opening fire Armed with AK47s and RPG,1,12
012-3855,DGAC clarifies Germanwings didn t itself issue distress call but ATC launhed distress phase due combination of descent and no radio contact,1,12
072-11984,Sources show Connie Mack as a resident of California living with his wife in Palm Springs ,0,72
072-1823,Says Texas ranks 49th nationally in what we are doing to support our per pupil investment in education in the state ,0,72
072-12583,The Department of Health and Human Services is providing 160 million to the state of Pennsylvania to set up a new high risk insurance pool program that would cover any abortion legal in the state ,1,72
072-2451,Thomas Jefferson expressed strong support for a balanced budget amendment in 1798 ,0,72
072-11575,The number of illegal immigrants could be 3 million It could be 30 million ,1,72
072-2063,The United States is not building the aircraft the long range bombers the additional aircraft carriers the nuclear submarines ,1,72
072-3964,In the history of Republican primaries Ive gotten the most votes in the history of the Republican party ,1,72
072-1440,Im the only one whos fought against developers draining the Everglades ,1,72
012-817,Siege situation currently unfolding at Sydney s Martin Place Updates here ,0,12
012-768,The flag held in Sydney cafe window is a Shahadah flag left not an ISIS flag right MartinPlace sydneysiege ,1,12
072-9129,Says sixty two percent of small businesses over the last five years went under because they couldnt pay their health care bills ,1,72
072-5831,In most Muslim countries We cant have a church Were not able to build synagogues Its forbidden ,1,72
072-12588,Politician Reid Ribble wants to phase out Social Security forcing Wisconsin seniors to fend for themselves ,1,72
072-4252,Says he has supported George Bush more than I have Barack Obama ,1,72
072-6,Says Tennessee is providing millions of dollars to virtual school company for results at the bottom of the bottom ,0,72
072-7817,Says enrolling a student in a subsidized lunch program triggers an at risk designation resulting in an extra 6 000 to 7 000 of state school aid per student ,0,72
072-5916,Says President Barack Obama initially said the national health care mandate isnt a tax but his administration now says it is a tax ,0,72
012-2597,Killed Charlie Hebdo suspects came out firing on security forces source AFP ,1,12
072-3462,The Democrats health care bills would provide free health care for illegal immigrants ,1,72
012-1137,Horrible tragedy in Paris today was not done by Muslims but done by terrorists Let us unite against hate pray for peace CharlieHebdo,0,12
072-1384,The Florida Department of Agricultures website FreshFromFlorida com can be used to get a permit to carry a loaded hidden gun without ever leaving your house ,1,72
012-314,Narendra Modi tweets about Sydney Siege Not a word about Manipur Blast If only Manipur was not in India he would have showed concern,0,12
072-5459,SaysPresident Obama hijacked the farm bill and turned it into a food stamp bill ,1,72
072-142,A monthly police and fire protection fee on all Wisconsin phone bills does nothing to support police and fire ,1,72
012-4577,We have no idea who is responsible for the ottawashooting so why are instant commentators talking about ISIS Please stop politics of fear,0,12
012-2641,Armed French Police At Trocadero In Paris ,1,12
012-1215,Sally Kohn compares today s CharlieHebdo attack to all the Christians or Jews killing in name of religion ,0,12
072-255,Fundamental changes made to the language describing the Wisconsin Idea in the University of Wisconsin Systems mission statement were the result of a drafting error ,1,72
072-7372,Studies show that if we opened one reserve in Alaska now in five years gas prices could be at 2 a gallon ,1,72
012-1129,Cartoonists stand in solidarity with CharlieHebdo victims with these powerful images ,0,12
072-967,Action by the Milwaukee County Board will provide the County Executive with the same level of security as the Governor and the Mayor of Milwaukee while saving taxpayers 300 000 ,1,72
072-11955,No poll done this year shows less than a majority to reinstate a federal ban on assault weapons ,0,72
012-1328,Jihadist flags amp petrol bombs found in car used by CharlieHebdo attack suspects sources tell French media ,0,12
072-8660,Harry Reids plan is basically giving the president a blank check ,1,72
072-4434, Sue Lowden gave Harry Reid s campaigns a thousand dollars in five different elections helping his Senate dreams come true ,0,72
072-1626,Recent international reports show the United States near the bottom among industrialized nations for k 12 academic achievement ,0,72
072-7369,In 2007 Ed Gillespie was paid 300 000 to be the frontman for a coalition that made the individual mandate the centerpiece of its health reform plan ,0,72
012-1557,This image and hashtag trending in France after CharlieHebdo attack JeSuisCharlie ,0,12
012-717,Sydney Opera House evacuated concourse deserted SydneySiege via ,1,12
072-10843,Says Scott Walker left college under an ethical cloud for having tried to fix the election for student body president ,1,72
072-1979,Says Ohios I X Center used to be a great plant but thousands of people of worked here and they left when their jobs were moved overseas ,1,72
012-1748,Breaking News Local Mayor tells CharlieHebdo suspects Kouachi bros are dead ,0,12
072-6783,Senators who have accepted millions in campaign contributions from the financial industry voted against allowing bankruptcy judges to modify home mortgages ,0,72
072-5535,Bill McCollum served as a lobbyist whose clients enabled mortgages for illegal immigrants ,1,72
072-1676,On offshore drilling for energy,0,72
072-2317, Ninety four percent of the bills that pass the Senate have no debate no vote no amendments no reading of the bill no online disclosure ,1,72
072-266,Bill McCollum voted four times to raise his own pay by a total of 51 000 and earns a congressional pension worth more than 75 000 a year ,0,72
072-9295,The media widely overlooked comments made by former President Bill Clinton that Hillary Clinton had a terrible concussion that took six months to recover from ,1,72
072-3054,Virginia has a responsibility to fund 55 percent of public education and is payingjust 41 percent ,1,72
072-9269,Theres a mosque inside of the Pentagon ,1,72
072-3379,Obamacare is the largest tax increase in the history of the world ,1,72
072-10099,Theres nothing in the voting instructions that weve been getting in the last several elections that lets you know about the limitations of the master lever ,1,72
